entry,label
Amy Romero,1
Angela Ware,1
Carla Kelly,1
Charles Watts,1
Christy Porter,1
Darlene Tran,1
David Wright,1
Dominique Horton,1
Donald Bean,1
Donald Walker,1
Jessica Lopez,1
John Petersen,1
Jorge Leon,1
Jose Ramirez,1
Joyce Hickman,1
Kimberly Osborne,1
Leonard Singh,1
Leslie Rivas,1
Michelle Evans,1
Michelle Freeman,1
Randall Jackson,1
Rebecca Hurst,1
Rebekah Shields,1
Robert Rodriguez,1
Sandra Price,1
Stacy Newton,1
Theresa Martin,1
Tiffany Vaughn,1
Todd Wilson,1
Tyler Rogers,1
Aaron Garrison,0
Adrian Herrera,0
Ann Phillips,0
Anna Gay,0
Anna Miller,0
Brandy Chavez,0
Brian Jordan,0
Charles Schultz,0
Dawn Smith,0
Deborah Thomas,0
James Miller,0
Jeremy Benson,0
Jeremy Sampson,0
John Elliott,0
John Strickland,0
Joseph Bishop,0
Julie Spencer,0
Justin Barnett,0
Kenneth Aguirre,0
Kenneth Haney,0
Kenneth Hines,0
Meghan Hudson,0
Michelle James,0
Randy Conley,0
Robert Santiago,0
Samantha Campbell,0
Sandy Dunn,0
Sean Bryan,0
Sergio Sawyer,0
Tara Perry,0
